sensitivity,specificity,accuracy,auc,dice,iou
0.7944095785254713,0.0820728832977903,0.7746559309571753,0.6147677316344147,0.3643313223289015,tensor(0.1119)
0.7912448278325855,0.09379009513507974,0.7790243649978608,0.6325978146381317,0.42152431211181735,tensor(0.1288)
0.7990458631475161,0.1160937504763529,0.7839372827336564,0.6727958261472053,0.4876190561922818,tensor(0.1677)
0.771453633778113,0.08816782813759005,0.7212623426031572,0.6961847605609834,0.542821776662841,tensor(0.1886)
0.7664077542445616,0.12002583901295757,0.6977183781352252,0.6775471390135115,0.5163593733858309,tensor(0.1750)
0.8196574183603947,0.25964067274905206,0.791584464704252,0.6938374927575168,0.49709829195080374,tensor(0.1837)
0.7879400000295955,0.11915555799601898,0.7467270050971652,0.7020273472803256,0.5226174881488149,tensor(0.2002)
